,HostID,HostFirstName
0,615,Joe
1,666,Jennifer & Giovanni
2,783,Jason
3,933,Jill
5,990,Alexandra
6,2150,Joanne
7,135298,Rick
9,98912,Jess
10,489506,Doreen
11,745200,Susan
12,526354,Michael
13,923646,Kate
14,10730,William
15,1238201,Dave
16,1475137,Lee
17,1154806,Ellen
18,930851,Nicholas
19,269892,Maura
20,10951,Tricia
21,2370964,Andrea
22,2563107,Matthew
23,1313972,Heather
24,2832150,Kerry
25,2157095,Valerie
26,3364096,Becky
27,3440535,Krista
28,3654159,Dave & Lisa
29,3816358,John
30,3915386,Mary
31,3638426,Ling & Chris
33,4087056,Jeanne
34,3344763,Steve
35,1275081,Shawn
36,4150751,Pamela
37,4366942,Nan
38,4452973,Vivian & Tom
39,4911774,Tim And Cindy
40,3378084,Alexandra
41,5173501,Steve
42,5216325,Julia
43,4745285,Sean
44,5811115,Annette
46,3577356,Bonnie
47,5910663,Tony
48,879998,Jennifer
50,192640,Kim
51,6658113,Ann
52,6674631,Cynthia
59,7138728,Ann
63,1382900,Pamela
65,8157870,Rachel
66,8410190,Deanna
67,8428229,Christina
68,4756064,Brian And Tarryn
69,8697449,Jennifer
70,8714815,Allison
71,2416216,Jason
74,9402581,Rita
75,9447036,Zach
76,9869829,Barbara
79,9933778,Kelvin
80,10109001,Joey
81,10033473,Anne
82,9597571,Jon & Irene
84,10535707,Nicole
85,10917089,Jeffrey
86,10534574,Jessica
89,11393480,Darrow
90,1239512,Zorab
92,7961148,Cory
94,184771,Melanie
95,12482307,Jeremy
96,6896064,Greg
97,11000035,Ryan
98,4706233,Jeffrey
99,10128382,Kerry
100,5817350,Marcie
102,14414164,Mary
103,5181201,Danno & Rachel
104,14699024,Julie
108,2544705,Gustavo
109,15178224,Jennifer
110,14178014,John
111,15283636,Dong
113,15933305,Sarah
114,135470,Mark
115,13796890,German
116,16356824,Claus
117,16579406,Daniel
118,16581953,Jeff
119,16835411,Sarah
120,16853725,Nanci
121,16865529,Tim
122,180156649,Jacob
123,12969161,Jamie
124,10105976,Mike And Molly
125,17524202,Sam
126,17599678,Mallory
127,17833434,Claytonious
128,17831791,Michelle
129,18168193,Georgia
130,8059814,Nora
132,10010242,Jon
134,2537989,Kristin
136,20525963,Julie
137,20739244,Mark + Shahana
138,18930052,Nikki & James
139,11706428,Aaron
140,21380104,Mik
141,5326121,Colby
142,860762,Corey & Heidi
143,772942,Anastacia
144,5416557,Maureen
145,11054215,Dawn & Jacob
146,7917076,Lynne
147,21982508,Jb
148,22009424,Carlos
149,22155542,Ben
150,21152797,Hilary
151,22292048,Travis
152,22299710,Al
153,245393,Melissa
154,2214085,Sarah
156,22922907,David
157,7199287,David And Virginia
158,17840241,Melissa
159,23466084,Tyler
160,23623049,Scott
161,7447790,Rick/Ali
162,8264792,Sheila
163,23747225,Lacey
164,4045359,Tim
165,3807039,Josh
166,10843433,Edric
167,11850286,Portia
169,24166267,Patrick
172,24532369,Ryan & Tina
173,24554268,Mark
174,23195393,Laurel And Paul
175,3404287,Matt
176,30972487,Sabrina
177,25591329,Linda
178,4977032,Araceli
180,4252297,Andrea
181,26180502,Andrea
182,8000793,Marta Claire
183,14782250,Lane
184,10751081,Beatrice (Bia)
185,27643890,Susan
186,27265704,Adam
187,5852906,Dr. Faye
188,27914367,Lee
189,28067552,Matt
190,28477682,Wendy
191,18399671,Casey
192,11839559,Cheryl
194,26125748,Adi & Edwin
198,29643692,Jeff
199,16611775,Megan
200,19065685,Allan
201,17085160,Alan
202,30753345,Reese
204,9193876,Laura
205,30983019,Justin
206,12740723,Roger
207,31372083,Denise
208,31481199,Dan
209,31858502,Brian
210,32766212,John
211,28359129,Matt & Vicki
212,29472916,Kevin
213,24482892,Carrie
214,33215141,Ryan
216,10664607,Jerry
217,2104816,Luke
218,1627500,Adrienne
219,33999490,Janet
220,34414056,Kathy
221,23183224,James
222,29623887,Nikki
223,19189781,Jeramy
224,4887649,Elizabeth
225,35920914,Perri
226,36000852,Billy
227,36232565,Valerie & Shelan
228,36460088,Jared
229,36958541,Christiaan
230,45310987,Morgan
233,33601029,Joseph
234,269598,Lovedy
235,19603085,Rae
236,36223369,Nadine
237,2539132,Lia
238,1983332,Kevin
240,30944900,Mina /Chris
241,1899727,Jill & Stephen
243,39528382,Logan
244,19989453,Stan
245,5887477,Amy
246,4415192,Colleen
247,39826780,Adam
248,18274641,Dennis
249,13416841,Melanie
250,40939130,Zak
251,40990434,Vicki
252,15242726,Jenny
253,14191439,Kevin
254,41207447,Josh
255,41330028,CeCe
256,21621574,Aki
257,41729545,Matt And Lindsay
259,6065807,Kimberly & Tonya
260,41917396,L. Daniel
261,4657393,Nanci
262,42637305,Erica & Brianna
263,42695987,Pavlo
265,20944232,Cathy
266,12882844,Michelle
267,43592231,Asfaw
268,43629370,Ania
269,43122356,Rex
270,43953355,Jerry And Alejandro
271,9954312,Brandon And Robert
272,44048347,Meghan
273,9153888,Brian &  Maribeth
274,12241986,Tanya
276,2822362,Susie
277,45038909,Boon
278,45086901,Corie
279,4156700,James
281,45395723,Travis
282,258578682,Danny
283,45409664,Steven And Naren
284,45596101,Tracy
285,12985200,Kris
286,228639,Danny & Christy
287,19908482,Adrian
288,11583644,Brian
289,39138879,Peter
290,46741655,Chris
291,976565,Kym
292,46855358,Tom
293,47046454,Katie
294,31618681,Cheryl
295,47187565,Jonathan
296,16260493,Garett
297,134798,Lonna
298,932656,Tyler
299,1799191,Bricksandtimber (Ashlee & Graham)
300,24401158,Suzi
301,4810141,Scott
302,932707,Liz (& Tim)
304,52470095,Kristin
305,48065725,Rob
306,47832519,Eric
307,6488047,Valissa
308,37167620,Michael
309,48873476,Hostel Fish
311,24483378,Sarah
312,49223382,Instant Book
313,3633927,Mark
314,30900892,Jennifer
315,49300516,Eric
316,12511092,Peter
317,34722103,KayJay
318,16072418,Jack
319,49950833,Tim
320,48730444,Timmy
321,16492305,Elizabeth
324,6740624,Kevin
325,23467484,Jon
326,11397394,Megan
328,51536293,Lori
329,51532358,Emily
331,52159454,Nancy
332,36757616,Jess & Will
333,3750116,Scott And Debra
334,35248471,Emily
335,52788342,Jim
336,52888534,Steve & Icecy
337,53224133,Karrie
338,47859549,Allison
339,53337369,Anne
340,19982334,Todd
341,50538968,Karen
342,55341034,Mekonnen
343,28473736,Aeric
344,54233525,Billy
351,3792996,Lauren
352,6294270,Dan
353,48954452,Jack
354,109171314,Germaine
355,57793441,Sean
357,57934049,Brea
358,15481142,Robert
359,36382732,Teddy
360,313516,Robin
361,52363049,Michelle
362,15779286,Sharat
363,20565369,Heidi Elizabeth
364,531267,Shelley
365,37746616,Jessica
366,11000947,Kate
367,60744966,Jenna
368,27330105,Lisa
369,76258951,Nancy
370,17467221,Aj
371,48525049,Kenny
373,63778241,Josh
375,10387069,Becky
376,12008253,Rob
377,5640425,Bruno
378,7171834,Josh
379,48253778,Stephanie
380,31302617,Chris
381,78356,Gabriel + Vanessa
382,1513183,Sharon
383,7796684,Susan
384,43130573,Sarah
385,64322083,Brad
386,13044760,Ivan
387,10161902,Rebecca
388,17794497,David
389,15203290,Lh
390,67536087,Beth
392,47979834,Deana
393,68558775,Josefina
394,3256573,Daphne
395,11789577,John
396,17577610,Marcia
397,45325332,Chris
398,19527828,Joel
400,61577440,Rich
401,62569079,Justin
402,71381744,Tonya
403,71572483,Susan
404,71576074,Patricia
405,55608382,Douglas
406,44105547,Tina
407,35371002,Lynne
408,71942566,Kyle And Faith
410,9272259,Bret
411,53194431,Billy
412,34274795,Alison And Steve
413,73386569,Kim
415,50847379,Jp
416,47682244,Tim
417,74646741,Beth
418,25772700,Molly Anne
419,29894937,Kevin
420,9759896,John
421,36963407,Ieva
422,74813049,Cindy
423,23216142,Cal
424,66825507,Guirec
425,48448059,Judy & Marty
426,14949477,Gary
427,67514634,Jordan
429,2577320,David
430,50669204,Adrienne
432,7131433,Phillip
434,4220435,Jordan
435,79333399,Natty
436,334357,Shane
437,24157036,Angela
440,50675571,Mark
441,59081051,Caleb
443,80564551,Tracy
444,80578027,Brook
445,78157646,Jamie
446,8751405,Maria
448,46508154,Kimberly
449,68941411,Matt
450,32674537,Amy & Jesse
453,271521,Jenee
454,50005108,Jaclyn E
455,25549082,Danielle
458,83284238,Jacob
459,25445358,Candice
460,69009301,Herbert
461,6788650,Caroline
462,9895129,Lynette
463,46817293,Albert
464,86000051,Vance And Robert
465,45241934,Robert
466,86765253,Katie
467,5762400,Carlos
469,88156830,Jenn
470,77779966,Shelley
471,22723469,Gerard
472,88744516,Judith
473,40913944,Ruth
474,88905818,Rick/Terry
475,28638748,Banks
476,89136886,Libby And Regan
477,4372032,Chandrika
478,89590698,Sam
479,25011232,Teshome
480,38865640,Chuck And Jordan
481,43208887,Shawn
483,47421139,Rob
484,1093754,Darren
485,3298426,Grace
486,92173213,Jamie (Randy)
488,26330223,Cristina
489,42450360,Kathryn
490,65404428,Kristi McCoy
492,55726275,Sarsha
494,44838914,Owen
495,42861138,Joy
497,28635931,Sharie
498,76598410,Natasha
499,30796919,Mark
500,30076081,Jennifer
502,96040278,Michele & Michael
503,61259890,David
504,80505094,Aana
505,97566755,Andries
506,5470074,Anu
507,1568544,Katie
508,42862500,Linda
509,3120399,Marianne
510,98259634,Denver Skyline
512,23229931,Amme
514,46662008,Jason
515,86138229,Bob
517,61262053,Stewart
518,99922578,Bijan
519,90713031,Renee And Miguel
520,100182237,John
521,100418602,Ernie And Jane
522,2632560,Becky
523,100535512,Michael And Donna
524,34017443,Jessica
525,55182207,Allison
526,100934543,Christie
527,101037170,Michael
528,101160372,Travis
529,6806562,Larisa
531,3842099,Eva
533,63262656,Jacob
534,102132807,Harry
537,3427031,Marcus
538,18948452,Lori
539,51945782,Amanda
540,101617046,Nathan
541,102357141,Ashley
542,55376910,Kelsey
543,56267154,Daniel
544,102649781,Tama
545,102755068,Paul
547,114383856,David
548,12744170,James
550,89673435,Gerald
551,30968138,Erin
552,76623834,Jessica
554,52017585,Rosalia
555,39724485,Alec
556,6807612,Sarah
559,7011288,Tamara And Michael
560,12029895,Josh
561,24326234,Christina
562,62397088,Brad
563,93197703,Julie
564,104851502,Norm
566,105378673,Olivia
567,24260978,Niki
568,7933030,Maggie
569,4321221,Molly
570,2708287,Trish
571,105873739,Chris
572,105950282,Kristen
573,105952892,Leif
574,98813482,Jeff
575,52979495,Nicole
577,106313934,Jann
578,106558951,The Vivianos
579,59640170,Charla
580,96214849,Marlon
581,106747711,Matt
582,105039308,Ned
583,70563805,Hideaway Vacation Rentals
584,107795938,Stacy And Paula
585,68535175,Tyler
586,68062201,Tomas
588,83893609,Matt
589,110168418,Mark
590,5895181,Josianne
591,110684654,Don
593,41167673,Carissa
594,1119312,Tammi
595,111954321,Erika
596,112092935,Trista
597,109045672,Sarah
598,47215671,Todd
599,20704706,Meg
600,33666244,David And Beth
601,112293494,Rodney
602,112334795,Jeremiah
603,5245619,Nick
606,65414250,Vinny
607,95303066,Amanda And Chris
608,24517598,Alex
609,114064650,Nicholas
610,9330597,Ryan
611,3811839,Annabelle + Christian
612,3042995,Scott
613,10493254,Scott
615,84310593,Jessica
616,14488214,Josh & Chelsea
617,910454,Mark
618,45042038,Kat
619,115562717,Steven
620,53312831,Laura
621,10586703,Tommy
623,116255753,Michael And Connie
624,111422650,Steven
625,2843403,Shaughn
626,116858592,Jon
627,91149360,Dorothy
629,7883078,Keith
631,117026480,Kyle
632,117130827,Alex
633,59101118,Lauren
634,117694686,Meka
635,117149994,Mardy
636,117968196,Brian
637,25444350,Robin
638,51768939,Rafer
639,119155604,Harold
640,119362843,Bill & Linda
641,109840383,Carol
642,38287188,Laura & Ryan
643,8179055,Danielle
644,119491603,Randall
645,120736562,Toby
646,120741036,Laura
647,73069305,Peter
649,121151077,William
650,41486741,Jason
652,90331945,Valerie
653,123485075,Julie
654,123518488,ZoeAnn
655,160633950,Jess
656,7023715,Michele And Brian
657,20578951,Ryan
658,38010701,Sam
659,76129561,Kate
661,47146086,Maggie
662,9691307,Gretchen & Jim
663,34955862,Scott
665,125026092,Eloise
667,4639745,Nancy & Andre
668,33445605,Carolyn
669,125573433,Julia
670,8011160,Lyn
671,23678670,Tony
672,121718072,Evolve
673,9859688,David
674,20657253,Chris
675,122272953,Susan
676,86155912,Channan
677,25664155,Kara
678,125073653,Paul
680,1662649,Liz & Yosef
681,128719977,Susan
682,97820,Brooke
685,36901141,Jamie
686,22887767,Paige
687,9998811,Ashlea-Ann
688,25607097,Steve
689,130911588,The Home Store
690,35343841,Silver
692,28765055,Ashley
693,130971585,Marlene
694,110340380,Chandra And Dave
695,201860039,Anjelique
696,2086212,Will & Todd
697,101625007,Gladys
699,132247248,Dana And Patrick
700,1818792,Clarissa & Rich
702,133092562,Erik
703,83333180,Veronique
704,26794160,Kelly
705,91389786,Sheri
707,63715244,Renee And Ryan
708,115403173,Jason
710,1312372,Cynthia
711,2161,Ben
712,134596014,Scott
713,12085516,Savoye
715,20669428,Brianna
717,48770707,Patricia
718,41540223,Dan
719,133932923,Paige
720,35168746,Emmy And Cameron
721,61029179,Joe
722,133601777,Tiffany
724,5679945,Pauline
726,14566565,Jay
727,29171653,Rob
728,87631854,Teal
729,11496272,Listy
731,138521755,Pemba
733,54348240,Troy
734,28563486,Cindy
735,139708872,Miles And Annie
736,96624806,Mark
737,45200960,Tom
740,17299124,Katie
741,48767054,Lee
742,102128560,Jill
743,141560792,James + Katherine
744,125745643,Polly
745,140584681,John
747,142037301,Brooke
748,139737649,Juan
749,71512884,Michelle
751,2533748,Gerald
753,40552938,Jennifer
754,5089337,Brian
756,7524900,Jessica
757,2790624,Jeremy & Mariah
758,21899708,Leon
759,10900007,Joseph
761,144123521,VenandMegan
762,11293995,Lucia
763,138179990,Guest Stars
764,73253492,Peter
765,24637894,Stephanie
767,36400258,Josh
769,39659935,Imad
770,559867,Amine
771,49424751,Dustin
773,2903727,Meghan
774,18741192,Kelli
775,146663005,Leasha “Lisha”
776,9921222,Courtney
777,61177011,Kerrie
778,4336857,Ryan
779,127886515,Yohannes
780,141871359,Anthony
781,30365267,Kaitlin
782,6980429,Eileen
783,90253862,Megan
784,5225646,Christopher
786,7656786,Julia
788,52958900,Jon + Talene
791,59227346,Ali
792,1151473,Jorgen
793,51530543,Samson
794,65133406,Michael
795,4271793,Joshua
796,88702022,Barb
797,20215844,Christy
798,28183156,Todd
799,105865103,Shatta
800,20443428,Salil
801,28420396,Mark
802,151149715,Cameron
803,150734947,Lorenzo
804,103278918,Elena
806,139314021,Jay
807,151442685,Ashley
808,151451820,Michele And Czeslaw
809,43001445,David
811,139727711,Vince
812,113264940,Brad
813,77149120,Sue And Joe
814,152232731,Ray
815,152257570,Cynthia
816,8092882,Rebekah.
817,50669604,Lorissa
819,10967727,Liz
821,3666717,Shawna
822,151512284,Hanna
823,150797741,Aweke
824,85020154,Cassandra (Sam)
825,63941537,Emily
826,24149592,Jacob
827,1664538,John
828,153419786,Mark
829,65787978,Luis
831,118734623,Jasmin
832,18411531,Nathan
833,144614643,Stephen
835,8010731,Dakota
836,32075234,Angel
838,10557150,Matt
839,18160608,Anne
841,35661802,Sean
842,76048536,Nelson
845,154378295,Catalina
846,156356662,Allison
847,33326336,Allison
848,102554711,Niraiventhi
849,28425305,Nicole
851,33294500,Shane
852,93193594,Ben
853,19483688,James
854,34314008,Jason
855,43193247,Simon
856,24544007,Elizabeth ‘E-Lee’
857,55187396,Katherine
858,437094,Chris
859,153663684,Joe
860,158239285,Peter
861,115352746,Benjamin & Kim
862,8651420,Daniel
863,96377286,Brian
866,157843608,Paula
868,74368861,Alicia
869,11390390,Sean
870,159014730,Aaron And Amy
872,34915616,Charlotte
873,12800880,Brooke
874,90456728,Michelle
875,9834932,AirSimplicity
876,37099285,Ashley
877,83080215,Tony
878,159515205,Holiday
879,159971502,Joy
880,45676818,Sara
881,13466466,Natalie
882,37620597,Doug
883,160449770,Ember
885,96032876,Kirk And Carissa
888,16722769,Scotty
889,17312872,Fj
890,49381817,Michael
891,94876830,Peter
892,160900851,Chad And Susan
893,51523824,Tanya
894,64249345,Lisa
895,44369106,Michael
896,23977016,Ben
897,11000177,Elizabeth
898,114888895,Valerie And Ricardo
899,161620561,Abby +  Ben
900,68870931,Elaine
901,114407837,Jonathan
902,16815406,Garrett & Sarah
903,67273948,Anna
904,98229149,Perez
905,10989140,Dan And Emily
906,162690625,Arthur
907,58096869,Kristen
908,24975037,Tonya
909,163052068,Tyler
911,163193627,Christoph & Marla
912,724381,Gr
913,2429828,Lauren
914,163366758,Suzanne
915,26031757,Jessica
916,19108385,Zac
919,31817576,Peter
920,28883060,Lacey And Larry
922,4089715,Tina
923,5818653,Shanna And Chris
924,165269170,Stephen Barnhardt
925,14063519,Patty & Ed
927,26476553,Skylar
928,25201891,Robert
929,165591133,Heather Virginia
931,147407521,Robert
932,166817939,Claude
933,167077262,Allison
934,167359136,Brian
935,2935084,Jeremy
937,167980589,Katie
940,24078,Michael
943,117347367,Dave
945,84506799,Cj
946,18409967,Tim
947,93886816,Rose
948,203341,Joseph
949,5429864,Anne
950,22348511,Krista
951,170858984,Michael
952,37817945,Sarah
953,26242355,John
954,2119786,Matthew
956,2714352,Eric And Brandy
957,4795521,Liz
958,38926815,Adam
959,23123101,Tesfahun
962,12371381,Amy
963,25244015,Tim
964,22279795,Trace
965,173063644,Kimberly
967,26748184,Danny
968,43519605,Jens
969,14677251,Richard
970,17597641,Teresa
971,28017655,Nick
972,34516070,Rob
973,222380817,Alex
974,116710713,Laura
975,172438722,Christy
976,161171194,David
977,174078964,Joel
978,173126560,Dan
979,4272021,Sasha
980,23318426,Allison
981,49174780,Lindy
982,156914085,Gary
983,151394248,Evolve
985,4049636,Nikki
986,20820956,Kyle
988,156965671,Samson
990,136127424,Kelly
992,46428722,Toni
993,20045562,Diana
995,48108208,Christine
996,178058475,Jake
997,5161291,Jim
998,2224115,Kathy
999,6356112,Mario
1000,178635165,Vance And Mary
1002,23414923,Hannah
1003,29947263,Noe
1004,9150883,Sarah
1006,179537213,Tristan
1007,22264101,Rachel
1008,30661160,Willow
1010,180590857,Jeff
1012,180726583,Jake
1013,87038528,Kyndi
1014,243192607,Jose
1015,5258229,Seth
1016,163473571,Rod
1017,181134701,Michele And Mike
1018,4374648,Salas
1019,12899560,Nathan
1020,1675394,Suzy
1021,8201883,Stephanie
1022,71731436,C
1024,5449792,Kerry
1025,17337291,Neil
1029,21479754,Jeffrey
1030,36795268,James
1033,11374868,Natalia
1034,183338544,Liz And Austin
1039,27590231,Patrick & Lauren
1040,183370267,Tariq
1042,15284278,David
1043,37836867,Spencer
1044,7153720,Kim
1046,90932028,Eric
1047,185692705,Christy
1049,186166480,Penny And Bill
1051,40976829,Zach
1055,12608517,Shane
1057,143045923,Michael
1058,44176296,Neil
1059,180031850,Caren
1060,83062586,Tracy
1061,63819719,Jacob & Whitney
1062,98105043,Tamara
1063,65405395,Edith
1065,33703515,Anna & Oscar
1066,3697079,Grady
1067,41184591,James
1068,179021033,Taylor
1069,189580535,Kristi
1070,122720574,Natalie
1071,89395360,Zack
1072,177223604,Cherria
1073,19900156,Ryan
1074,11191536,Marc
1075,190827059,Beth
1077,57512193,Jonathan
1078,140437558,Michele
1079,62305383,Bret
1080,177020155,Amanda
1082,120363173,Angel & Kevin
1083,40529899,Ashlee
1084,119528096,Emily
1085,32622027,Nada
1086,19196235,Mike
1087,192292964,Toby
1088,406826,Eric
1089,192353408,Eric And Elizabeth
1090,192484753,Liesl
1091,55277055,Brian
1092,144853715,Becca
1093,161416242,Sydney
1094,30383796,Shelby
1096,7237522,Crystal
1097,192985281,Jelena
1098,42681856,Seth
1099,193509629,Brandon & Jean
1100,155712512,Ivan
1101,153554705,Adam
1102,370944955,Optima
1105,58535599,'Ashlee
1106,20461002,Lana
1107,28306963,Cindy
1109,92464669,Jess & Scott
1110,195868411,Belay
1111,19481161,Megan
1112,22985240,Charley
1113,94846610,Todd
1114,196418785,The Curtis Park Club
1123,196612161,Andrew
1124,196667037,Katia
1126,197127827,Dominique
1127,43517222,Matt
1128,197328954,Bill & Rita
1129,85151522,Cam And Emily
1130,954256,Conor
1131,91134795,Travis
1132,197779983,William
1133,197977481,Jillian
1134,197984836,Alice
1135,174643286,David
1138,576644,Carol
1139,25316260,Steve
1140,6725657,Tina
1142,198916506,Levent
1144,36403245,Kathryn
1145,48113711,Doug
1146,182297861,Nick
1147,198899102,Dana
1148,21061687,Theresa
1149,1787214,Eric
1151,133755231,Shari
1152,200503590,Desiree
1153,128226885,Michael
1154,7527876,Adel
1155,66242686,Dave & Patrice
1157,201268532,Emerick
1158,18344226,Josh
1159,165512196,Nick
1160,128461544,Daniel
1161,6950490,Kristin
1162,20722381,Christina
1163,101757863,Ian
1165,23895940,Katie
1167,196815402,Bert And Ariel
1171,204275064,Nicole
1173,204526945,Stacie And Gabe
1174,57639083,James
1175,204538930,Gregg
1177,95058953,Teddy
1179,2776241,Zarra
1180,3839974,Ryan & Nicole
1181,7517,Jessica
1182,17500067,Jake
1183,57824203,Michael
1184,130889641,Nathan
1185,142793465,Brian And Binh Co Host
1186,29281163,Shelly
1187,85303919,Lee & Jackie
1188,206011423,Brandy
1189,51106815,Sara And John
1190,63711171,Tonya
1191,77943347,CoRentals
1193,2943530,Kodie
1194,206275665,David
1196,35518808,Kristi
1197,8944810,Cole
1200,133801683,Ellen
1201,80372984,Lee
1202,54137975,Jonathan
1204,156572511,Tyler
1205,38875482,Jeremiah
1206,208115656,Bekele
1207,27863969,Shelby
1208,1132210,Escher
1210,160654043,Jim
1211,209297769,Tahvory And Billy
1212,209433672,Jeffrey
1213,7566900,Nick
1214,146196004,Tim
1215,209773898,Brenda And Marcus
1216,33036680,Alex
1218,129046090,Damien
1220,194723079,Jen
1221,91375747,Savannah
1222,50537460,Andrea
1223,87657028,Jacob
1224,210315427,Michelle
1225,10745608,Tyler
1226,185870296,Joshua
1227,67947933,Caroline
1228,107582791,Todd & Viri
1230,211403088,Dave
1231,211519578,Samson
1232,2715793,Christine
1233,152368421,Seth
1234,8839039,Brian
1235,131158712,Marilyn
1236,4430887,Patrick
1237,161582412,Justin
1238,212308097,Lori
1239,212489443,Brooke
1240,212078777,Gina
1241,29477980,Wilson
1242,213167700,Danielle
1243,213404150,David
1244,191010583,Autumn
1246,213816495,Ardalan
1247,11399180,Andrew
1248,213924339,Kimberly
1251,206924454,Jayson
1252,32590067,Peter
1253,52887158,Allie
1254,215050479,Pawel
1255,44022018,Lynne
1262,8455524,Heather
1263,13095510,Cindy
1264,2125293,Brian
1265,215710955,Rachel
1267,48813666,Mark
1268,53470985,Evan
1269,61684146,Diana
1270,120683254,Evan
1271,209814804,Mark
1272,173577971,Karen
1273,216915136,Chris & Larina
1274,6480883,Susy
1275,24981544,Michael
1278,81171785,Robert
1279,51020487,Tara
1280,52013990,John
1281,9975711,Dana
1282,83612871,Michelle
1283,218679571,Candice
1284,97130295,Brett
1285,5531241,Kristi
1288,219500074,Suzanna
1289,219506731,Victorien
1290,219520656,Stetson & Megan
1291,220553206,Elizabeth
1292,17512099,Liz
1293,43714010,Megan
1295,13302506,Ross
1296,220852775,Temesgen
1299,126538085,Lina
1300,112006680,James
1301,97331628,Annie
1302,221190712,Stephanie
1303,13031965,Brooke
1304,37332028,Timothy
1305,221641473,Ryan Shepherd
1308,217260072,Willem
1309,198535436,Ann
1310,222061822,Lynn
1311,70055411,Girma
1313,84348048,Brittany
1315,36387388,Debbie
1316,223178574,Ebby
1319,19784663,Scott
1320,223594810,Sergio
1321,52639692,Rachel
1322,138704269,Leah
1323,2792851,Helen
1324,1750207,Kimberly & Marke
1326,28074082,Sarah
1327,60249906,Nate
1328,224889070,Hanna
1329,8873819,Victoria
1330,187330638,Jane
1331,25518591,Amanda
1332,220323534,Micki
1333,225561524,Dan
1334,7746441,Jorge
1335,225594721,Carina
1336,49017723,Kasia
1338,3444402,Diana Rae
1339,201411180,Jeffrey & Sandra
1340,7012234,Alex
1342,60685865,Instantbookhomes
1343,555806,Simon
1344,227446664,Johnny
1346,2188005,Kate
1347,228002100,Joe And Katherine
1348,165671603,Darren
1349,228560773,Chris
1350,184463794,Al
1351,25062616,Jonny
1352,13759432,Nathan
1353,172710634,Molly
1354,23358512,Anne & Ray
1355,229066219,Jess
1356,203856808,Emma
1357,67622679,Ben
1358,229281911,Jd
1359,229438888,Anne And Tim
1360,229439456,Beth
1361,603505,Michelle
1362,32005301,AyJay
1363,230066817,Sean
1364,277720650,Corin
1365,85724182,Amelia
1366,37046236,Ari + Garrett
1367,20624256,Max
1368,32306027,Randy
1369,32462499,Mariana
1371,230808215,Dusty And Emma
1372,230853527,Aileen
1373,231021221,Simon
1375,248058179,Andy
1376,1940284,Meghan
1377,15895580,Carla
1379,231954988,Brian
1381,61794912,John & Lena
1382,80797680,Gary
1383,92462795,Anna
1384,94265807,Martin And Sarah
1385,27673821,Paul
1386,232970198,Andrew
1387,43808128,Amanda
1388,3321769,Darin
1389,222269797,Bryan
1390,38299376,Anna
1391,83939156,Graham
1392,166286376,Bethany
1393,36368225,Michael
1394,15389921,Mary
1395,61698951,LaSheita
1396,22620764,Paulo & Melanie
1397,160089338,Steve And Karen
1399,77012683,Fernando
1400,12194428,Courtney
1401,235935954,Nallely
1402,5422708,Ross + Kat
1403,171330600,Tracy & Publio
1404,236142905,Rohini
1405,119567327,Hosa Resources
1406,23554654,Briana & Chase
1410,236573902,Dhivya
1412,236781157,Christopher
1413,203068647,Rick And Betty
1414,186538025,Debbie
1415,5607906,Carl & Angie
1416,28939848,Christina
1417,10786678,Kyle
1418,53092580,Todd
1419,130957760,Lindsay
1420,26864804,Jennifer
1423,10978806,Lori And Jarred
1424,127440041,Jodi
1425,17011465,Andrew
1428,3954639,Elise
1429,36004105,Monica
1431,56185895,Sarah
1432,11445552,Dina
1433,239393858,Blake
1434,9127865,Laura
1435,73557829,Dierk
1436,239584258,Simone
1437,14889378,Pete
1440,2177476,Ben
1441,141080281,Revnee
1443,6513429,Frederick
1444,22548984,Adam
1445,351232,Alexandra
1446,31282023,Natalie
1448,201118322,Michelle
1449,238096541,Iryna
1450,104186329,Alba
1451,217768211,Hope
1452,14165112,Christopher
1453,241484151,Kay
1454,149769211,Alfred
1455,731977,Teena
1457,25330430,Aden
1458,85012681,Kathi
1459,23166056,Suzette
1461,241316649,Jerry
1463,197812679,Jennifer
1464,26728019,Capitol Hill Mansion
1465,243181822,Louis
1466,243330372,Fojas
1469,243563671,Sam & Perri
1470,3029098,Renee And Linda
1471,202565353,Joseph
1473,2995486,David
1482,1627455,Eddie
1483,107478989,Elizabeth
1484,198049907,Nancy
1485,25012443,Mike
1486,245139493,Jt
1487,51471173,Kalen
1488,8289288,Jessica
1490,186331559,Philincia
1491,70487280,Monica
1492,246189000,Aprel
1493,34848589,Joseph
1494,5338178,Tyler
1495,218640603,Cecilia
1496,247220085,Brian
1497,61433067,Tolo
1498,104544994,Larry
1499,64368491,Rachel
1500,24304574,Teena & Hector
1501,344098286,Sue
1503,48635292,Carissa
1504,242283964,Teshome
1506,249102926,Nicole
1508,9663742,Van
1509,152171563,Daniel
1510,76254142,Allie
1511,1857717,Rex
1512,88984888,Jason
1513,71336607,Katie
1514,236236502,Don
1515,250784506,Carlos
1516,250873663,Mary
1520,12852053,Radhika
1521,51180812,Jana
1522,248904337,Lulu
1524,249680508,Chris And Jen
1525,179727810,Courtney
1526,252583587,Luke
1527,106947890,Daniel
1528,602040,Jill
1529,219524979,Sonder (Denver)
1535,183568154,Jesse
1536,253312600,Mike + Sandy
1537,10456666,Sukumar
1538,94544920,Tonia
1539,86087745,Rick
1540,18065556,Peter And Anne
1541,25519738,Karen
1542,12804331,Matt
1543,2197816,Thomas
1544,778127,Ryan & Cynthia
1545,109057233,Jeremy
1546,65100323,Jorge
1547,123946444,Kathleen
1548,255776797,Seifu
1549,252844767,Ghery
1550,5822956,Cassie
1552,197586941,Matt & Alyson
1553,7343682,Josh
1554,31715791,Scott
1555,125224431,Vivi
1557,6526458,Anita
1558,92005586,Robert
1559,113886802,Mary
1561,13868914,Kim
1562,21738634,Anna
1563,257668522,Luis & Chris
1564,203565064,Marcus
1566,21789987,Scott
1567,11081917,Brooke&Elliot
1568,375213456,Brandon
1569,258657047,Amy
1570,229095817,Loftium
1571,34917261,Ashley
1572,46412627,Stefy
1573,259016164,Josh
1575,49053892,Erick
1576,259275566,John And Lara
1578,11910023,Chuck
1580,260210753,Dan & Michelle
1582,213555346,Michelle
1583,61551450,Jamie
1584,128001164,Lance
1586,13813250,Evangeline
1587,2278,Patty
1589,58105586,Kelli
1590,61473443,Kaitlin
1591,23544307,Emily
1592,97123328,Hannah
1593,183509253,Heather
1594,7882819,Nicole
1595,78300099,Michael
1597,116473603,Chris
1600,24670282,Sabrina
1601,193108199,Amy
1602,117792986,Emily
1603,17885047,Angie
1605,264266560,Jennifer
1606,107664982,Tim
1607,73356740,Dylan
1608,264792881,Mario
1609,20944296,Carissa And Tony
1610,54230356,Ryan
1611,91306211,Richard
1612,6609898,Zoey
1613,27429860,Brandon
1614,114332015,Benjamin
1617,259308801,Abeselom
1618,3643634,Cici (Amy)
1619,10188678,Paul
1620,261834409,Peggy
1621,263781836,Amanda
1622,117798889,Sarah
1623,4455887,Thomas
1624,46594989,Derrick
1626,3928917,Terra
1627,268426834,Tom
1630,45593991,Margaret
1632,15911080,Dk
1634,269672902,Sulee
1636,3275167,Derek & Lindsey
1637,268797798,Phuoc Dung
1638,270081596,Jennifer
1639,54127175,Jordan
1640,35963579,Jono
1641,168257839,Karma
1643,150760901,Angela
1644,48443885,Peter
1645,12450054,Jill
1646,71115786,Bailey
1647,74872739,Jennifer
1648,36472958,John
1649,49205365,Alex
1650,240217727,Nic
1652,300656,Dan
1654,5422820,Gregg
1655,4371491,Eric
1656,4819176,Jenni
1658,272466914,Paul
1659,17528370,Patrick
1661,195246442,Chandler
1662,25241149,Bryce
1663,27498240,Christine & David
1667,273537900,Kelly
1668,273537088,Degef
1669,273593905,Comfort
1670,28774777,Fortune
1672,216314983,Cristina
1674,168940217,Ashley
1675,273321624,The Ramble Hotel
1676,38833223,Amberly
1677,37489777,Darren
1678,16894695,Stacy
1679,1384407,Venu
1680,175769262,Allison
1682,205309024,Art
1683,275147129,Jim
1684,165451165,Christopher
1686,275640371,Luchia
1687,24132726,Pierce
1688,121967520,Alana And Jacop
1689,175508080,Frank  &  Karen
1690,159145334,Brittney
1691,41210683,Sonia
1695,10083344,Kate
1696,38793718,Hasena
1697,127492433,Nick
1698,203021124,Justin
1699,277504731,Joseph
1700,69874010,Ryan
1701,43944042,Laura
1703,121135906,Amelia
1705,10282840,Tim
1706,115426549,Joshua
1707,277508219,Olivia
1708,28593751,Justin
1710,18487276,Jeremy
1711,8312873,Eleanor
1712,33442263,Ashley
1713,7419533,Kristin
1714,38760073,Heather
1716,280045010,Queen City
1717,23741168,Rick
1718,15129676,Lia
1720,5619964,Heather
1721,231033010,Krisana
1722,224806876,Jamie
1723,55350488,Mark
1724,11357766,Dan
1725,280912396,Reilly
1727,15738034,Scott
1729,126322773,Danielle
1730,281772544,Derek
1731,174256749,Natalie
1732,34193851,Bonnie
1733,2619306,Zack
1734,91097749,Kent
1737,9383898,Kristen
1738,101672774,Whit
1740,272721196,Bobby & Missi
1741,283810192,Kurt
1742,1278574,Scott
1743,155717555,Richard
1744,49126373,Lindsay
1745,284135359,Loan
1746,284283702,Al
1748,284805380,Peter
1749,45743788,Kathleen
1752,10088549,Patricia
1753,7879432,Cathy
1755,179381879,Sue
1756,239378525,Tom
1757,67335408,Erick
1758,287154690,Pearl & Jason
1759,155016847,Victoria
1760,139675134,Ryan
1763,62547759,Deborah
1764,287914841,Stacie And Reggie
1765,19296162,Barrett
1767,998214,Jeffrey
1768,147826273,Nancy
1769,7430284,David
1770,9316975,Casey
1771,141898045,Abby
1773,166675793,Tarynn
1774,90602667,Brian
1775,290230837,Marsa
1777,1912130,Josh
1778,54861879,Jonathan
1779,21884705,Paul
1780,9645008,Leesa
1782,49501042,Justin
1784,219351029,Laurie
1785,1169743,Michael
1787,292839721,Pam
1788,279058100,Joe
1789,15689538,Katie
1791,42500700,Kati & Matt
1793,1252435,Yulis W.
1794,28988152,Tj
1795,6498749,Jarrod
1796,15902994,Heather
1797,37796219,Jacob
1798,269641138,Wyatt
1799,137174404,Daniel
1800,143448741,Sandra
1801,87285176,Kim
1804,18843692,Jamie And Ryan
1805,26739841,Kammie
1806,21214564,Alice
1807,20243471,Lydia
1809,295501036,Michael
1810,143231209,Jenna
1814,26018832,Chelse
1815,411982979,Kristen
1818,19814463,Jose A
1819,296528257,Susan
1820,290557665,Mekonen
1821,44962476,Danny
1822,8168001,Erin
1823,286713983,Addis
1824,283078660,Kyle
1825,297420943,Daniel
1826,58444152,Rob
1827,52829296,Kelsey
1829,72407218,Nicole
1830,242571312,Mimi
1831,48077776,Nate
1832,261774896,Sentral Union Station
1833,54238319,Jason
1836,298802183,Melissa
1837,43741747,Siu Yin
1838,298880291,Idris
1840,200943821,Michelle
1841,301138422,Lisa
1843,299567728,Heather
1844,173051759,Jerry
1845,6685144,Natalie
1846,300062815,Jo
1847,27332670,Matthew
1849,9164310,Falon
1850,994594,Rebecca
1851,226548401,Karry
1852,68217974,Tobi
1853,54132165,Hillary
1854,301736615,Mike
1855,55786363,Jackie
1856,23970640,Beth
1857,2504075,Kristine
1859,272144611,Boom
1861,302283878,Craig
1862,296339358,Rory
1864,64590799,Ryan
1865,302537847,Elizabeth
1873,24386351,Kelly
1874,36867697,Donna
1875,30297835,David
1876,300846437,Ryan
1878,140477539,Matt & Mackenzie
1879,48518220,Shelby
1881,366539,Jan
1882,11078552,Andrew
1883,54598644,Megan
1884,37229856,Zach
1885,156989118,Noam
1887,17744599,Sthef
1888,101222145,Mitchell
1889,33434168,Shauna
1890,91747800,Bradley
1891,361950539,Gregory
1892,136367075,Leeanne
1893,71974473,Jon
1894,52504099,Sarah
1895,227645916,Kathy
1896,176287958,Dan
1897,72418707,Jasmeen
1898,9235763,Ashley
1899,263435838,Adam
1900,6274465,Laura
1901,90587987,Matt
1902,17817557,Bobby
1903,71724740,Joe
1905,201197048,Vanessa
1906,305964968,Jesus & Lucy
1908,306086104,Greg
1909,306294159,Jordan
1910,306507919,Hayley
1911,9687965,Megan
1914,307026675,Jennifer
1916,180582192,Tracy
1917,376448746,Gillian
1922,511017,Joy
1923,308345149,Willie
1924,33613383,Ellyce
1925,200509323,Jewels
1927,308559526,Jimmy
1928,29713193,Andrea
1929,2182227,Melinda
1930,47648848,Cesar
1931,107662009,Oliver
1932,30855368,Brian
1933,2127135,Jason
1934,158348782,Mateo
1935,45606342,Lola
1937,10999496,Kristin
1939,14247837,Tova
1940,15202083,Katerina
1941,13009613,Corey
1942,12726473,Sharon
1943,15506478,Elizabeth
1944,310448512,Salar
1945,24627697,Julia
1948,10459251,Christy
1949,75962828,Danny
1951,111949248,Bryan
1952,34676831,Frank
1953,10933381,Taylor
1954,311628354,Recardo
1957,248759624,Kayne
1959,101426145,Michael
1960,3585963,Moon
1961,134944028,Greg
1963,28037254,Sara
1964,73321665,Niki
1965,284325463,Hilary
1969,88815989,Nathan
1971,3651177,Jane
1972,33851835,Lyndon
1973,159040125,Curt
1974,116674940,Sarah
1975,78948015,Victor
1976,161210144,Viveca
1977,1143289,Monica
1978,316248773,Scott
1981,6970959,Kim
1982,314495996,Lance
1983,76050682,Kristy
1984,317846269,Thiago
1985,312409268,"Life House, Lower Highlands"
1992,128725517,Rocco And Jami
1993,14439826,Ian
1995,80287875,Nicolina
1996,318992047,Breydan And Maggie
1997,278696828,Patricia
1998,318254030,Tulip
2000,73967223,Nicole
2002,319626257,Yoseph
2003,2259717,Maxwell
2004,99793658,Katie
2005,83196691,Michael
2006,3882052,Frederick
2008,1261078,Melissa
2009,57730109,Franklin
2010,44089734,Kyle
2012,22013506,Krista
2014,204321987,Lencha
2017,52273751,Malia
2020,229118598,Sarah
2021,320983557,Christina
2022,17912902,William And Emily
2023,92467932,Wendy
2024,13741887,Elise
2025,99865643,Sarah
2026,78350960,Rachel
2027,100700623,Aneissa
2028,325922153,Steve
2029,325970149,Michael
2030,326057017,Mickey
2034,275411185,Gerry
2035,91885904,Elliott
2036,53504514,Gareth
2038,8077763,Theresa
2041,327359007,Adam
2042,34606234,Dominic
2045,99308570,Hunter
2046,328567451,Antoine
2047,36804322,Anas
2048,48781999,Gabriela
2049,328983413,John
2050,2175325,Mike
2051,404943625,Bailey
2052,23332515,Beth
2053,8141841,Sarah
2054,331573142,Dave
2055,330011694,Mike
2056,69551645,John
2057,107074749,Sarah
2058,17728984,Glenn
2060,74406409,Stephanie
2061,37598725,Tyler
2062,146013274,Marcos
2063,45397806,Joshua
2064,142035273,Jasper
2065,233123427,Becky
2067,323819953,John
2068,280675,Ryan & Rebecca
2069,11069724,Callan
2070,332286051,Xavier And Mary
2074,52592312,Tucker
2075,333038216,The Phoenix
2076,191775809,Stacey
2078,92058278,Eric
2082,130136385,James
2083,6769793,Kirsten
2084,88175647,Jim
2085,101592688,Zane
2086,328129241,Reyna
2089,334314882,Tony
2091,326935430,Tia
2092,187048377,Frank
2093,294328498,Eva
2094,43724964,Dorota
2096,144046799,Judah
2097,335671770,Sonja
2098,7304978,Dj
2100,324680650,Jimmy
2101,335899991,Cristina
2103,158548211,Finn
2104,336104483,Atlantis
2107,187061987,Malgorzata
2108,47336389,Devin James
2109,3212890,Lisa
2111,32201807,Matt
2112,5099486,Warren
2113,162686634,Josh
2114,45306413,Zoe
2115,338377982,Anthony
2117,82241053,Molly
2118,212470717,Phillip
2120,21639446,Diane
2122,273646206,Tim
2123,117332035,Carson
2126,339418584,David
2127,10085704,Olivier
2130,140672021,Peter And Staci
2131,262595396,Jenya
2134,8942046,Melissa
2136,29524506,Ann
2137,173532589,Hayden
2138,764912,Irene
2139,17796304,Jeff & Kara
2141,167266968,Billy
2142,46841969,Carolyn
2143,277422344,Holly
2144,24616866,Allison
2145,82329780,Albert
2146,39428882,Robby & Lily
2148,98450901,Oliver
2154,337650794,Sinai
2159,184167120,Orlando + Nadienka
2161,2893613,Danielle
2165,34475953,Mandy
2166,57049834,Danny
2168,162222305,Dillon
2170,6903998,Leah
2171,7319414,Tessa
2172,342795285,Pj
2173,342837213,Lauren & Matt
2178,306904223,Athena & Wes
2179,92115271,Matt
2180,323075243,Louie
2181,23217371,Sam
2183,44393390,Tim
2185,28562445,Cedar
2187,95894330,Bill & Lori
2188,26883595,Cecil
2189,29212018,Barry
2190,192295823,Karla
2191,270788220,Jay
2192,72589855,Caleb And Khadijah
2194,75621021,Amy
2195,3484713,Vu
2196,176666947,Jessica
2198,168192369,Heather
2199,299373263,Dania
2201,345249568,Anita
2203,23724674,Danielle
2204,379711454,Kasa
2207,5294367,CarolAnn
2208,341402035,Jo
2210,79637968,Jeremy
2211,346796342,Cecelia
2213,345461045,Housing Helpers
2214,123367341,Ashley
2216,62679474,Nicole
2217,19806692,Jas & Johnny
2218,2440834,Dayna
2220,80287548,Bailey
2221,20529963,Erika
2223,11572263,Emily
2224,359071917,Raquel
2225,1055107,Jeremy
2226,69679656,Joshua
2229,348572318,Hilda
2230,113063764,Jeff
2231,348597216,Teresa
2233,329037890,Anthony
2238,348697199,Mint House Downtown Denver
2252,749614,Audrey
2254,22221483,Brianne
2255,48912761,Tessa
2256,10591452,Sami
2257,78096605,Orench
2260,451013,Andy
2261,94191827,Joe
2265,343743763,Walker
2266,130924159,Lindsay
2267,37885304,Chinda
2268,40138925,Adam
2269,82155612,Steven
2270,145530569,Heather
2273,3666563,Albina
2274,312966111,Joaquin
2275,7882686,Jennifer
2277,26548012,Jennifer
2279,1506918,Elie
2280,29369330,Javier
2281,175492115,Edina
2282,196678605,Liz
2283,73966189,David
2285,162462178,Caroll
2286,12333471,Ed
2288,15573113,Susanna
2289,42300815,Gary
2290,7570810,Mark
2291,212464697,Stacy
2292,355773710,Amanda
2293,12644994,Aleksej
2294,129431860,Aleko
2296,105375426,Stephanie
2297,141122093,Tristan
2298,38593616,Kate And Mike
2299,356791420,Alex
2300,19987765,Jaime
2302,262263590,Brian
2303,301714537,Jeff
2307,185397245,Zendigz
2308,62696599,Dakota
2309,260678363,Madyson
2310,10301397,Amanda
2311,358677862,Ruchi
2312,37408639,Ali
2315,15173993,Mitch
2316,133175506,Marni
2323,170996261,China
2324,21151114,Casey
2325,153407596,Ginamarie
2326,25372633,Andrew
2328,19871094,Carly
2329,360560535,Kathryn
2331,133155457,Barbara
2332,103375459,Eliot
2333,19969155,Jack
2340,146450642,Deysi
2343,361651918,Paul
2344,56665335,Melissa
2345,360910929,Banjo
2348,330021347,Hanna
2349,63152121,Brian
2351,71827861,Laura
2352,229457399,Ericka
2354,156128851,Lila
2355,345186924,Carla
2356,1313610,Jon
2358,56071269,Susan
2360,75071605,Zach
2361,6847601,Nicholas
2362,36999179,Andrea
2365,23644492,Aaron
2366,363675021,Brianna
2368,90149069,Sarah
2370,364235960,Kristin
2371,23265998,Jeff
2372,31676476,Katie
2373,8679440,Kim
2374,27534126,Colin
2377,230400897,Cinthya
2378,364549616,Michelle
2379,241216592,Tori
2381,364667865,David
2382,40833294,Bill
2384,302966573,Samuel
2386,104516574,Newly & Lisa
2388,324671821,Kate
2389,127365629,Acacia
2392,2304054,Ashlae
2393,50776110,Chandrika & Dominic
2395,263732582,Al
2396,22200946,Logan & Family
2397,128860468,Will
2401,80253208,Nicole
2402,17470369,Marga
2405,13119970,Zahra
2406,11652812,Janelle
2407,10130412,Janelle
2408,113459368,Patrick
2409,191976506,Vivian
2410,366608496,Kyle
2411,366621281,Aaron
2412,13607123,Adam
2414,176781036,Tatiana & Jordan
2416,29293985,Kydale
2424,365808978,RiNo Art Lofts
2428,48085128,Alejandra
2430,298026688,Siobhan
2432,3130789,Sarah
2433,3340908,Renae
2435,5556349,Carey
2436,42519248,Stephanie
2440,10977525,Amy
2441,129138593,Rondi
2442,79126554,Hamlet
2445,67754477,Callie
2446,264336356,Carolyn
2447,16421702,Bryan
2448,219530004,Irene
2450,39464871,Samuel
2463,14202488,Erika
2464,2882621,Chris
2465,6602610,Andrea
2466,283022459,Elizabeth
2467,9560911,Beau
2468,125237810,Livia
2470,136395587,Julia
2471,270403191,Carl
2472,19198280,Ben
2473,70014396,Sineah
2475,13738836,Nicholas
2477,181205324,Plushy
2478,370338467,Nicole
2479,8915997,Raksha
2481,8514755,Brandon
2483,11495188,Eirin
2484,43977375,Meghan
2485,362187052,Evan & Joe
2486,18501125,Tara
2488,192655287,Lauren
2490,213457607,Borauzima
2491,15910418,Andrea
2493,161438461,Maya
2494,368944610,Carolyn
2495,229865390,Brian
2496,17683421,David
2497,371139938,Zach
2498,371095834,Mary
2502,334032158,Eric
2504,352372616,Dorothy
2506,7917646,Stephanie
2507,370987920,Daniel
2508,10086231,Emily
2509,18320139,Julie
2510,371447266,Mervin
2511,57943377,Kristy
2513,146952505,Adrienne
2515,69123721,Heather
2516,10557035,Jill
2517,209410229,Erica
2518,24599187,Jeff
2519,83048466,Ashley
2520,235264831,Brandon
2521,187875664,Jeanine
2523,12036106,Jay
2527,167563754,Christine
2529,372107522,Mike
2531,43967211,Stephanie
2533,372568158,Sydne
2534,70354485,Michelle
2535,35922916,Evan
2536,15941132,Tyler
2537,112904801,Mara
2538,372414088,Yidnekachew
2539,252428254,Ally
2540,340445453,Mountain And Beach Corporate
2542,372811069,Anya
2543,163853595,Michelle
2546,372947178,David
2547,30554813,Natalie
2548,3529088,Joice
2550,13784247,Kathryn
2551,152507325,Veronica
2552,347036002,Malik
2553,7439581,Jennifer
2554,143782575,Laura
2556,373482356,Amanda
2558,78469637,Steven
2559,90044514,Alek
2560,67063415,V
2561,338822088,Mimi
2562,373780289,Claire
2564,373839285,Kailey
2565,5364995,Niley
2566,204370893,Timothy
2567,48154305,Brandon
2570,238770723,Rebecca
2571,186966466,Johnny & Carly
2573,153438372,Katie
2576,235004588,Mark
2577,26721139,Melanie Rose
2579,24126092,Tyler
2580,124857163,Ron And Stacy
2581,126644161,Evolve
2583,52702618,Connor
2585,188477823,Tony
2586,23108551,Gabrielle
2587,2306853,Christina
2589,5804853,Natalie
2590,17622086,Kent
2591,41909570,Brooke
2592,18753643,Eric
2593,15875244,Kim
2594,18877642,Lisa
2595,368186144,Bre
2596,14686668,Julia
2597,8800161,Susan
2598,32288918,Daniel
2599,50403533,Aaron
2600,5320387,Chris
2603,41194893,Scott
2604,2600976,Nick
2607,158148369,Wayne
2608,125714032,Reggis
2610,312145333,Jasmine
2611,34294416,Stephanie
2612,24626790,Ryan
2615,115443306,Eric
2616,25907590,Jennifer
2617,26497911,Jordan
2618,42339721,Joseph
2624,31483023,Erynn
2626,12435092,Dana
2627,23572618,Bryce
2628,21078778,Paige
2629,26165807,Lukas
2630,111478507,Alisa
2631,376896805,Carol
2632,8223595,Liz
2633,305357286,Mariel
2635,377219980,Antoine
2636,8672659,Ben
2638,2461481,David And Theresa
2639,55721272,George
2640,15612930,Peter
2641,3023868,Ross
2642,344008741,John (Mike)
2643,11512929,David
2644,378384878,Tiffany
2645,113951923,Morgan
2648,3152743,Sergio
2649,5935008,Chase
2650,33156641,Simone
2651,47295581,Jonathan
2652,60414610,Nate & Jenna
2653,374206607,Rahel
2654,84894924,Jason
2655,13187755,Brittany
2656,76018832,Tess
2657,22550495,Benjamin
2658,378993771,Evelo
2660,98301801,Chayla
2661,27976406,Christopher
2662,29477818,Jose
2664,10653789,Jim
2665,90117505,Jenn
2667,379742504,Mark
2668,33614508,Daniel
2669,379880861,Dominique
2670,106845625,Andy
2671,8608452,Jessie
2672,361891821,Sarah
2675,12936597,Rachel
2676,68274757,Anjanette &
2679,18360538,Rebekah
2680,104696124,Nick
2683,98488152,Jennifer
2684,40540962,Matt
2687,52252533,Joseph
2688,17156095,Shane
2691,339436851,Brian
2692,272040001,Yosune
2697,21224765,Rachel
2698,151800502,Justin
2699,7208149,Philip
2701,381236017,Sara
2703,346713480,Deanna
2704,120016948,Andrew
2706,208327479,Brett (Mike)
2707,105144406,Bonnie
2708,151921218,Eli
2709,52357669,Kim
2712,382335936,Manuel
2713,7271048,Dana
2714,218836825,Scott
2715,130143679,Gary And Julia
2718,263502162,Landing
2720,26427651,Meg
2722,375223605,A.C.
2725,69336458,Matthew
2727,24263205,Kyle
2730,67365916,Myles
2733,383660245,Brittney
2735,16974792,Matthew
2736,79530426,Betty
2737,44680246,Michael
2739,197738754,Liliana
2741,38754802,Margarethe
2743,9430511,Marisa
2746,27270571,David
2747,38419271,Omar
2748,134278978,Grace
2749,189556156,Vivian
2750,31487303,Eric
2751,39334139,Shannon
2755,46298970,Anthony
2757,385554200,Hector
2760,332929899,Richard & Debbie
2761,19262825,Ed
2762,9517452,Zach
2765,131217387,Lionel
2766,59087001,Taylor
2773,151178049,Alan
2774,63245417,Desi
2775,79125111,Catherine
2779,345060168,Jack (Manager)
2780,386777203,Alex
2784,330419385,Jenn
2787,107434423,Blueground
2792,15811271,Elizabeth
2795,387409884,Michelle
2798,5873290,Matt & Heidi
2799,12620293,Stacy
2801,101884047,Claire
2804,107800647,Sandy
2806,387938104,Serafina
2807,23789665,Kathryn
2808,160494969,Angie
2809,107716577,Rick
2810,28345217,Nicole
2811,93550561,Christy & David
2812,21178787,Andrea & Joe
2816,32096696,Matt
2817,40218958,El
2818,12978479,Cam
2819,388611631,Pete
2820,20276985,Joey
2822,121770068,Aleah
2823,33706492,Bryen
2824,60150316,Wesley
2825,124761061,Nicole
2826,388873757,Alena
2827,99116542,Ryan
2828,19876623,Christopher
2829,362968552,Ashley
2830,388909963,Katherine
2832,11491972,Mary & Tony
2833,388980582,Modern Living
2836,93876618,Mike
2837,32967578,Chris
2839,162417770,Elisa
2840,11767108,Tom
2841,71151082,Jack
2842,47015085,Grant
2844,41844230,Nishant
2845,11233192,Marla
2846,343893080,Bodil
2847,10525877,Rachel
2848,17368806,Adam
2849,372227538,Shannon
2851,346606065,Kayla
2852,44679418,Genesis
2853,71190937,Joel
2854,354894350,Jason
2859,222445795,Laurie
2860,390107054,The Berkeley
2861,19537651,Andrew
2862,6439464,Eileen
2866,5539480,Andrea
2867,246821973,Devon
2869,109144183,Allyson
2870,110569163,Ashley
2872,33780053,Sunita
2874,3397841,Karen
2876,9524940,Dillon
2878,390874863,Malissa
2884,390968453,Anne
2885,23267539,Erin
2889,383021621,3Gen
2896,221403814,Five Star Property
2901,35513038,Keysha
2908,66785394,Alexis
2911,35715445,Kimmie
2913,97528867,Lisa
2914,18714604,Courtney
2915,2844261,Todd
2916,65914251,Stacie
2918,146205839,Sarah
2919,29789136,Andy
2921,21109537,Jeremiah
2922,37036014,Maggie
2923,78127236,Matt
2924,392360868,Lincolnwood
2925,253066593,Tanner
2926,44745357,Grace
2927,56525698,Cindy
2933,72362030,Lindsey And Neil
2934,127974983,Jason
2936,136101373,Bret
2937,107279139,Kyle And Kimberly
2950,41865226,Alyssa
2951,171822720,Bradley
2958,393738864,Austin
2959,393162655,Stephanie
2960,5208398,Brewster
2961,48761279,Madelyn
2962,304957129,Saoirse
2965,24944249,Gregg
2966,134192670,Paige
2969,227501980,Julie
2970,89225074,Rob
2971,394610010,Francisca
2972,28873874,Nick
2973,110972585,Rachel
2974,394736170,Robert
2975,28157911,Benjamin
2976,60767086,Sarah
2977,151849004,Chris+Allison
2979,22228344,Nina
2982,264828121,Stephanie
2985,42620368,Sabrina
2987,31110796,Rebekah
2988,67329113,Wes
2990,126650115,Melanie
2991,115714849,Rachel
2992,45956689,Olivia
2993,1109725,Jason
2994,395685264,James
2998,68765251,Sam Sadegh
3000,395859496,Kendra
3001,92648506,Jacie
3002,13266278,Greg
3003,58098571,Brooke
3004,396006388,Seth
3005,224239309,Melissa
3006,24600034,Caroline
3007,47440806,Sam
3011,14124542,Gian
3012,40540817,Shannon
3015,47938358,Masum
3017,50200670,McKenna
3018,396866323,Dawit
3019,6670605,Lionel
3020,273292350,Orit
3021,50664501,Alyssa
3026,165763365,Katie
3027,1474666,Joseph
3028,119949413,James
3030,397374243,Emily
3032,26912458,Frank
3035,145580931,Patrick
3036,874938,Sarah
3037,76235427,William
3038,8658756,Suzanne
3042,1221,Dan
3047,118964159,Aaron
3048,36295269,Christiana & Ben
3049,25078544,Nathalie
3051,4263293,Natalie
3052,24091986,Greg
3053,155018986,John
3056,4602071,Julie
3058,373022405,Cisco
3060,203963984,Jeri
3061,105350457,Craig
3063,119488604,Evolve
3064,391708489,Rad
3065,242605741,Carolyn
3066,399292140,Meredith
3068,12335893,Darleen
3071,189411483,Jasmine
3072,398963248,Adam
3073,334219041,Agustina
3075,16576067,Ryan
3077,392716226,Preston
3078,399099077,Jay
3080,3598654,Lee
3081,45509490,Chris
3084,92728431,Steph + Joe
3085,255379575,Caleb
3086,1728770,Andrea
3087,33654484,Sarah
3088,232858566,Troy
3089,144333314,Priscilla
3090,204608095,Kerem
3091,43954940,Julie
3096,227486093,Ty
3100,401159506,HomeLab
3105,38099445,Alice
3108,33157183,William
3110,400798676,Jared
3112,46941005,Nick
3113,23209026,Enzo
3116,10162813,China
3117,401093175,William
3120,32790821,Paige
3121,401527657,Courtney
3122,395186101,Karen
3123,358836684,Katherine
3124,63650191,Morgan
3125,13197754,Chris
3126,174195569,Alena
3128,237522800,Daniel
3130,11999984,Matthew
3131,64226104,Sarah
3132,47065656,Patrick
3133,12583589,Scott
3134,5944418,Taylor
3135,334405029,Olivia
3136,402095401,Dawit
3137,153449249,Joseph
3151,402405620,Bill
3153,541087,Nicole
3155,130420914,Joe
3158,7698034,Hana
3160,38978831,Wade
3161,403045274,Berween
3162,73858721,Z.Z.
3165,27663039,Brayton
3166,15791041,Gloria
3167,310464814,Carrie
3168,14126753,Kim & Benjamin
3169,403481867,Derek
3170,403135801,Brad
3173,137189465,Garrett
3174,243685543,Christine
3175,191443341,Laura
3177,111180459,Patrick
3178,102362681,Gabrielle
3181,24917817,Daniel
3185,403861415,Ivy
3186,27853958,Greg
3187,99936845,Wes
3188,404381032,Brian
3189,404414089,Cody
3193,23147901,Yon
3194,118575365,Matthew
3195,372429032,Rylan
3196,93178732,Amber
3199,370231080,Mitchell
3200,401251189,Espadín
3203,383837798,Juanita
3211,300639896,Jeffrey
3216,16510430,David
3219,45835227,Ali
3220,308096048,Zach
3222,32346020,Amanda
3223,405662820,Bradley
3224,195294994,Bee
3227,6156166,Dmitriy
3241,350239504,Nick
3243,26762788,Brooke
3244,129740790,Geneva
3248,184107642,Rondre
3251,404710147,Ronny
3253,406276035,Cherly
3255,132861399,Gina
3257,406434189,Richard
3258,46401356,Lisa
3259,12020824,Bertha
3262,3318889,Tatiana
3263,5066092,Danielle
3264,5872217,Shix
3269,258368091,Greyson
3270,406033071,Austin
3272,407124285,Amber
3273,7748860,Brian
3274,88566861,Kasa
3279,15353093,Johnny
3282,69541608,Laurell
3283,53225583,Clinton
3294,400747894,Michael
3298,402818616,Grandeur
3302,344533152,Nana
3303,120813889,Michael
3304,331813919,Steven
3305,65988876,Michael
3306,6661050,Holley
3308,408035175,John
3309,22908033,Carly
3313,408347640,Erin
3314,408367562,Christopher
3316,35517144,Pari
3319,257809781,Ruben
3320,375204509,Bungalow
3323,408732542,Sean
3324,99092035,Ryan
3326,85717847,Allison
3327,408790364,Paul
3328,225658142,Iskra
3329,38786334,Max
3332,112788041,Natasha
3335,127760478,Ava
3338,9712350,C.J.
3339,409203234,Mitchell
3341,19758033,Meg
3343,59069399,Joe
3345,78500934,Katya
3346,47284191,Rick
3348,44454055,Josh
3349,18595921,Sarah
3351,176879213,Mike
3355,23185423,Holly
3359,18079488,Libby
3360,179191292,Jeff
3362,556183,Graham
3364,25002102,Nichole
3365,391310098,Betelhem
3366,410417854,Austin
3369,1253761,Theodore
3370,82716492,Jaci
3371,27359136,Ann
3372,410792375,Jorden
3374,37285323,Daniel
3375,53234519,Tim
3376,403619064,Blissful
3378,4882600,Jordan
3381,114346502,Riley
3384,411440683,Chloe
3386,411518725,Alex
3388,105495522,Jason
3391,412601612,Douglas
3398,374244102,Marc
3399,13291490,Abigail
3400,164667514,Dani And Ed
3402,4632354,Crystal
3405,24915045,Kirsten
3406,7883117,Justin
3409,396532300,Ivan
3411,412656637,Nguyen
3412,10392232,Chris
3415,54232529,Zach
3418,12151201,Austin
3419,150146701,Khadijah
3424,217850242,Roy
3425,83600619,Tayler
3429,25762608,Stephen
3435,413206874,Isabelle
3436,75183477,Ashley
3439,413426064,Sofia
3440,22807081,Jose A
3444,40831833,Jordan
3445,413933804,Brian
3453,7611336,Sania
3454,414328688,Diane
3455,414358757,Matthew
3459,414795494,LK Management
3460,144021138,Kayla
3461,300720050,Evan
3465,43428484,Mike
3466,225794925,Eva
3469,415112454,Jules
3470,40914242,Kayla
3475,13124190,Darryl
3476,26426742,Stephanie
3478,415310411,Travis
3479,80784377,Brandy
3481,26878881,Claire
3483,50690983,Thomas
3484,15444933,Ryan
3485,359066913,Raquel
3486,34951934,Ashley
3489,88204780,Tara
3490,184674612,Yasmine
3491,76189229,Chuck
3492,244099075,Harrison
3517,94993952,Molly
3519,185537280,Rick
3520,113912354,Kate
3521,72197709,Tory
3522,79579478,Heidi
3528,140088190,Andrew
3535,8855711,Jacque And Paul
3536,416847124,Narine
3538,334421116,Infinite
3542,163519864,Alejandro
3547,16021326,Coral
3548,162863926,Ashley
3549,80085002,Hector
3550,12099563,Kathryn And Mike
3551,176743068,Alex
3552,2327112,Nicholas
3553,17839765,Patrick
3554,417863546,Kara
3555,126509594,Carleigh
3557,417785272,Angie
3559,417802010,Leticia
3560,402049261,Al
3561,6529461,Teryn
3562,8812591,Lauren
3564,418038586,Lauren
3565,5615582,RoomPicks
3567,72225094,Renée
3570,386387802,Francisco
3572,41168706,Corey
3573,411601844,Moe
3574,76204286,Katie
3576,418629707,Peter
3577,123481699,Brooke
3578,7557131,Tara
3582,152895467,Corinne
3583,27506878,Lindsay
3585,35331385,Phil
3586,90147454,Jule
3587,33442114,Kevin
3590,96032444,Skyler
3597,202427489,Nikoletta
3598,239434377,Briana
3604,229416868,Janna
3605,177074532,Diamon
3610,130044535,Vontae
3611,189091538,Lisa & Mark
3612,62042053,David
3614,141536141,Keith
3616,14517675,Chelsea
3620,83586083,Joe
3621,242157365,Gett
3622,20740969,Magdalena
3623,249475362,Matt & Kelsey
3626,392548513,Jeanette
3627,1187822,Mark
3629,361675723,Toni
3634,85747601,Baillie
3637,14096478,Teresa
3639,54800315,Nate
3640,9913389,Nicoll
3644,109106746,Omer
3648,61238926,Meredith
3649,124096399,Greg
3650,420802781,Laurie
3651,23167374,Adam
3658,421114345,Nicole
3661,42717229,Caity
3663,148730635,Michaela
3664,29103624,Aimee
3665,122439138,Nate
3666,187161157,Martin
3668,421179712,Saba
3669,24384943,Josh
3675,14763632,Grace
3679,43826739,Molly
3680,56756466,Kylie
3681,774,Leah
3683,162309870,Michael
3685,37484355,Alli & Henrique
3687,401472040,Chris
3688,393162817,Elaine
3690,422168939,Ana
3692,417894058,Carli
3695,20672269,Sarah
3696,12150912,Jodi
3697,157900161,Miriam
3698,24961351,Martin
3701,64911900,Cooper
3703,422461602,Joseph
3705,12754928,Christine
3707,147283068,Cecilia
3711,422773707,Marcy
3714,343958148,Donato
3720,370927518,Renee
3721,419823751,Seth
3726,422461049,Sara
3728,245351714,John
3731,247708777,Marcus
3733,43315368,Miguel
3736,54492776,Maylene
3741,423572388,Sarah
3745,423899552,Amer
3749,306988414,Ellyce
3750,424040418,Sarah
3751,197937,Tom
3753,230018100,Tatiana
3754,421149684,Jade
3755,294466256,Morgan
3756,159494183,Chris
3758,1623771,Jessica
3759,65788783,Zach
3760,273910734,Anna
3762,423902472,Deb
3764,14874662,Nick
3765,92857804,David
3766,77602820,Christy
3768,424020690,Taylor
3778,425207313,Sarah
3782,16055735,Ammie
3788,83804816,Rafael
3790,5663582,Kelli
3791,419900657,Brandon
3805,386751382,Staci
3809,42782455,Rosie
3811,426068819,Christopher Paul
3812,426075814,Valerie
3814,42777778,Teresa
3815,426182343,Jackie
3820,4975921,Shelby And Nick
3821,16260760,Derek
3822,136433479,Julie
3823,221889108,Jason
3824,424588746,Paulina
3825,102759514,Chelea
3826,426407142,Laurie
3827,359698075,Brad
3828,14800361,Katy
3829,426513904,Tesoro
3836,426625975,Anthony
3838,16184244,Jennifer
3839,8857683,Cleo
3840,207403106,Zoe
3848,246595072,Anne
3854,55744900,Ranita
3856,347939477,Colby
3858,427120156,Ari
3859,279307081,Matt Jason
3865,19404064,Ryan
3866,52649022,Kate
3868,65987734,Olga
3873,115713671,Shelley
3875,427702688,Marc
3876,352983980,Courtni
3878,23415904,Jackie
3880,265044774,The Black Monarch
3881,427869463,Noah
3883,316883493,Loretta
3887,10160841,Allison
3892,9458173,Garret
3900,74448067,Yasmin
3907,345431927,Sierra
3909,423742105,Taylor
3913,89606688,Tye
